Resource,Scientific cluster or domain,Topic,Software quality dimensions,Resource type,Notes,Title,URLfetcher,URL,Description,Keywords,Resource type(s),Scientific Topics,Licence,Status,DOI,Version,Authors,Contributors,Target audiences,Prerequisites,Competency level,Learning objectives,Date created,Date modified,Date published,Nodes,External resources
Intermediate Research Software Development (Python),General,,"Flexibility, Maintainability, Sustainability, FAIRness, Reliability","individual training resource (course, handbook, article, guide, tutorial)","DG: Pages where RSQKit should be linked: reproducible_software_environments, using_version_control, testing_software, ci_cd, task_automation_github_actions, releasing_software",Intermediate Research Software Development (Python),https://carpentries-incubator.github.io/python-intermediate-development/,https://carpentries-incubator.github.io/python-intermediate-development/,"A core set of established, intermediate-level software development skills and best practices for working as part of a team in a research environment using Python as an example programming language.","programming language, python, intermediate, software engineering, testing, debugging, version control, continuous integration, packaging code, releasing code, integrated development environment, IDE, virtual environment, git, github, good practices, action, CI/CD, automation, reproducible environment",course,research software development,CC-BY 4.0,Published,https://doi.org/10.5281/zenodo.6532056,beta-Nov2024,"Aleksandra Nenadic, Steve Crouch, Thomas Kile, Raniere Silv, François Michonnea, Maxim Belkin, James Graham, Greg Wilson, Matthew, Toby Hodges, Zhian N. Kamvar, Sven van der Burg, Abby Cabunoc Mayes, JacalynLair, Sarah Stevens, Katrin Leinweber, Erin Becker, João Rodrigues, Douglas Lowe, Sam Mangham, Rayna M Harris, Matthew Blutea, Renato Alv, Sander van Rijn, Rémi Emon, David Mawdsley, Piotr Banaszkiewi, Jemma Stachelek, Giulia Crocion, William L. Close","anenadic, steve-crouch, thomaskileyukaea, bielsnohr, jag1g13, tobyhodges, svenvanderburg, JacalynLaird, sstevens2, douglowe, smangham, knarrff, sjvrijn, gcroci2, hsaunders1904, tomneep, unode, danielskatz, amangoel185, wk9874, jreeve-nv, gkmurphy, sverchkov, shartleybham-acuk, gadgil48, olexandr-konovalov, martinjrobins, kzscisoft, k-collie, guyer",research software engineers,"Git, Python, Shell",beginner,"Document and structure your software, collaborate to develop, prepare software for others to use.",2020-04-22T14:47:31Z,2025-07-20T17:42:28Z,,UK's Software Sustainability Institute,
Alan Turing Institute - Research Software Engineering with Python,General,,"Functional suitability, Interaction capability, Maintainability","individual training resource (course, handbook, article, guide, tutorial)",,Alan Turing Institute - Research Software Engineering with Python,https://alan-turing-institute.github.io/rse-course/html/index.html,https://alan-turing-institute.github.io/rse-course/html/index.html,"In this course, you will move beyond programming, to learn how to construct reliable, readable, efficient research software in a collaborative environment. The emphasis is on practical techniques, tips, and technologies to effectively build and maintain complex code. This is a relatively short course (8-10 half-day modules) which is intensive and involves hands-on exercises.","research software engineering, programming language, python, collaborative environment",course,research software development,,Published,,,,,research software engineers,,,,,,,,
"“Good
Enough Practices in Scientific Computing” course",General,,"FAIRness, Maintainability","individual training resource (course, handbook, article, guide, tutorial)",,"“Good
Enough Practices in Scientific Computing” course",https://carpentries-lab.github.io/good-enough-practices/index.html,https://carpentries-lab.github.io/good-enough-practices/index.html,"This lesson is targeted at a broad audience of researchers who want to learn how to be more efficient and effective in their data analysis and computing, whatever their career stage. ","readable code, data analysis, computing, research, data management, collaboration, project organization, manuscripts",course,research software development,,Published,,,,,research software engineers,,,,,,,,
"Five recommendations for FAIR software, by the Netherlands eScience Center and DANS",General,,FAIRness,"individual training resource (course, handbook, article, guide, tutorial)",,"Five recommendations for FAIR software, by the Netherlands eScience Center and DANS",https://fair-software.eu/,https://fair-software.eu/,"Five recommendations for FAIR software, by the Netherlands eScience Center and DANS","fair, version control, license, registry, repository, citation, checklist",course,research software development,,Published,,,,,research software engineers,,,,,,,,
A self-assessment checklist for FAIR research software,General,,FAIRness,"individual training resource (course, handbook, article, guide, tutorial)",,A self-assessment checklist for FAIR research software,https://fairsoftwarechecklist.net/,https://fairsoftwarechecklist.net/,A self-assessment checklist for FAIR research software,"fair, self-assessment, checklist, research software",course,research software development,,Published,,,,,research software engineers,,,,,,,,
"Open source definition, by the Open Source
Initiative",General,,FAIRness,"individual training resource (course, handbook, article, guide, tutorial)",,"Open source definition, by the Open Source
Initiative",https://opensource.org/osd/,https://opensource.org/osd/,A ten-point description of Open Source by the open source initiative®.,"open source, code, license, software",course,research software development,,Published,,,,,research software engineers,,,,,,,,
"CodeRefinery:
Reproducible research - preparing code to be usable by you and others in
the future",General,,"FAIRness, Functional suitability, Compatibility","individual training resource (course, handbook, article, guide, tutorial)",,"CodeRefinery:
Reproducible research - preparing code to be usable by you and others in
the future",https://coderefinery.github.io/reproducible-research/,https://coderefinery.github.io/reproducible-research/,"In this lesson we will explore different methods and tools for better reproducibility in research software and data. We will demonstrate how version control, workflows, containers, and package managers can be used to record reproducible environments and computational steps for our future selves and others.","readable code, organise software project, reproducible environment",course,research software development,,Published,,,,,research software engineers,,,,,,,,
Top 10 FAIR Data & Software Things,General,,FAIRness,"individual training resource (course, handbook, article, guide, tutorial)",,Top 10 FAIR Data & Software Things,https://librarycarpentry.org/Top-10-FAIR/,https://librarycarpentry.org/Top-10-FAIR/,Brief guides for different disciplines that can be used by the research community to understand how they can make their research (data and software) more FAIR,"fair, data, research software engineers",course,research software development,,Published,,,,,research software engineers,,,,,,,,
"The FAIR Cookbook, online recipes for life scientists that help make and keep data FAIR",General,,FAIRness,"individual training resource (course, handbook, article, guide, tutorial)",,"The FAIR Cookbook, online recipes for life scientists that help make and keep data FAIR",https://faircookbook.elixir-europe.org/content/home.html,https://faircookbook.elixir-europe.org/content/home.html,"An online, open and live resource for the Life Sciences with recipes that help you to make and keep data Findable, Accessible, Interoperable and Reusable; in one word FAIR. ","fair, life sciences, infrastructure, assessment",course,research software development,,Published,,,,,research software engineers,,,,,,,,
10 easy things to make your research software FAIR,General,,"FAIRness, Maintainability","individual training resource (course, handbook, article, guide, tutorial)",,10 easy things to make your research software FAIR,https://librarycarpentry.org/Top-10-FAIR/files/poster_10things_FAIRsoftware.pdf,https://librarycarpentry.org/Top-10-FAIR/files/poster_10things_FAIRsoftware.pdf,Ten easy things to make your software FAIR.,"fair, software",course,research software development,,Published,,,,,research software engineers,,,,,,,,
"Cookiecutter software project template to kickstart a modern best-practice
Python project with FAIR metadata",General,,FAIRness,"individual training resource (course, handbook, article, guide, tutorial)",,"Cookiecutter software project template to kickstart a modern best-practice
Python project with FAIR metadata",https://github.com/Materials-Data-Science-and-Informatics/fair-python-cookiecutter,https://github.com/Materials-Data-Science-and-Informatics/fair-python-cookiecutter,An opinionated cookiecutter template to kickstart a modern best-practice Python project with FAIR metadata. ,"fair, metadata, python, programming language, codemeta, cff, reuse, citation",course,research software development,,Published,,,,,research software engineers,,,,,,,,
Course: ResOps - Cloud-native Tools and Technology for Researchers,General,,"Compatibility, Maintainability, Sustainability","individual training resource (course, handbook, article, guide, tutorial)",,Course: ResOps - Cloud-native Tools and Technology for Researchers,https://tsi-ccdoc.readthedocs.io/en/master/ResOps/2020/Agenda-2020.html#introduction,https://tsi-ccdoc.readthedocs.io/en/master/ResOps/2020/Agenda-2020.html#introduction,"This course provides some background to cloud computing and practical experience in building, deploying and running applications in cloud platforms - OpenStack, Google, Amazon and Azure.","reproducible environments, cloud, docker, kubernetes, version control, gitlab",course,research software development,,Published,,,,,research software engineers,,,,,,,,
Introduction to the Command Line for Metagenomics,Life sciences,,Functional suitability,"individual training resource (course, handbook, article, guide, tutorial)",,Introduction to the Command Line for Metagenomics,https://carpentries-lab.github.io/metagenomics-shell/,https://carpentries-lab.github.io/metagenomics-shell/,This workshop will answer these questions (and more): What is a command shell and why would I use one? How can I perform operations on files outside of my working directory? What are some navigational shortcuts I can use to make my work more efficient? How can I control who has permission to modify a file? How can I repeat recently used commands? How can I search within files? How can I combine existing commands to do new things? How can we automate a commonly used set of commands? How can we transfer files between local and remote computers?,"cli, command line, metagenomics, shell, scripts, data, project organization",course,research software development,,Published,,,,,research software engineers,,,,,,,,
Introduction to R,General,,Functional suitability,"individual training resource (course, handbook, article, guide, tutorial)",,Introduction to R,https://carpentries-lab.github.io/metagenomics-R/,https://carpentries-lab.github.io/metagenomics-R/,"This workshop will answer these questions: What is R, and why is important to learn to use it? What types of data does the R language has? What types of data does the R language have? What are they, and how to manage them? How can I create useful graphs in R? How can I ask R for help?","programming language, R, metagenomics",course,research software development,,Published,,,,,research software engineers,,,,,,,,
Tutorial: Workflows - Combining Tools for Data Analysis,Life sciences,,"FAIRness, Sustainability","individual training resource (course, handbook, article, guide, tutorial)",,Tutorial: Workflows - Combining Tools for Data Analysis,https://www.ebi.ac.uk/training/online/courses/workflows-combining-tools-for-data-analysis/,https://www.ebi.ac.uk/training/online/courses/workflows-combining-tools-for-data-analysis/,"This tutorial provides a short introduction to workflows for the analysis of life sciences data, providing examples of platforms for creating workflows and the considerations required for developing them. This tutorial is for anyone who would like to learn about the role of workflows in the analysis of life sciences data.

","computational workflows, data analysis",course,research software development,,Published,,,,,research software engineers,,,,,,,,
ENSEMBL REST API course,Life sciences,,Functional suitability,"individual training resource (course, handbook, article, guide, tutorial)",,ENSEMBL REST API course,https://www.ebi.ac.uk/training/online/courses/ensembl-rest-api/,https://www.ebi.ac.uk/training/online/courses/ensembl-rest-api/,"This course uses Jupyter Notebooks hosted by Google Colab to walk you through the APIs and practise writing scripts to access these data. A video provides a brief overview of the REST API, endpoints and instructions on working with the Jupyter notebooks. This is an intermediate to advanced level course and requires some familiarity with Ensembl, REST APIs and the ability to program in Python or R. We won’t teach you how to code in this course, just how to use your existing coding knowledge to access Ensembl data. If you would like an introduction to Ensembl then we recommend watching our Ensembl Browser Webinar Series.

","ensembl, rest api, python, R",course,research software development,,Published,,,,,research software engineers,,,,,,,,
"""Ten Reproducible Research Things"" Tutorial",General,,"FAIRness, Flexibility, Maintainability, Reliability, Sustainability","individual training resource (course, handbook, article, guide, tutorial)",,"""Ten Reproducible Research Things"" Tutorial",https://guereslib.github.io/ten-reproducible-research-things/,https://guereslib.github.io/ten-reproducible-research-things/,"This self-paced tutorial outlines ten steps to make your research reproducible, beginning with data quality, documentation, management of sensitive data, through to the publication of datasets. The aim is to move towards reproducible research regardless of your current skills, and includes useful resources for beginners, intermediate and advanced learners.","version control, documentation, data quality, backup, security, documentation, conventions, structure, automation, version control, persistent identifiers",course,research software development,,Published,,,,,research software engineers,,,,,,,,
"The Turing Way: A handbook for reproducible, ethical and collaborative research",General,,"FAIRness, Flexibility, Maintainability, Reliability, Sustainability","individual training resource (course, handbook, article, guide, tutorial)",,"The Turing Way: A handbook for reproducible, ethical and collaborative research",https://the-turing-way.netlify.app/index.html,https://the-turing-way.netlify.app/index.html,"This guide covers topics related to skills, tools and best practices for research reproducibility.","version control, git, licensing, reproducible environments, documentation, quality, testing, continuous integration, static code analysis",course,research software development,,Published,,,,,research software engineers,,,,,,,,
“How Git Works” course on Pluralsight,General,,"Maintainability, Sustainability","individual training resource (course, handbook, article, guide, tutorial)",,“How Git Works” course on Pluralsight,https://www.pluralsight.com/courses/how-git-works,https://www.pluralsight.com/courses/how-git-works,"This course is for developers and system administrators who want to really understand Git. Whether you just started using Git, or you've been using it every day for months - this course will give you the knowledge you need to become a Git master.","version, control, git, github",course,research software development,,Published,,,,,research software engineers,,,,,,,,
Introduction to User Experience Design,General,,Interaction capability,"individual training resource (course, handbook, article, guide, tutorial)",,Introduction to User Experience Design,https://www.ebi.ac.uk/training/online/courses/user-experience-design/,https://www.ebi.ac.uk/training/online/courses/user-experience-design/,"This course introduces user experience design (UXD) in the context of bioinformatics tools and service development. It provides an overview of basic concepts and links to external resources on UXD where you can learn more. This course is for anyone who would like to learn about user experience design; particularly biocurators, developers, bioinformaticians and researchers who are involved in biocuration and the process of creating bioinformatics tools and resources that use biological data will find this training useful.","user experience design, uxd, bioinformatics, user experience, ux, biocuration, biological data",course,research software development,,Published,,,,,research software engineers,,,,,,,,
GPU Programming,General,,Performance efficiency,"individual training resource (course, handbook, article, guide, tutorial)",,GPU Programming,https://carpentries-incubator.github.io/lesson-gpu-programming/introduction.html,https://carpentries-incubator.github.io/lesson-gpu-programming/introduction.html,The objectives of this course is to understand the differences between CPU and GPU and see the possible performance benefits of GPU acceleration,"gpu programming, gpu, cpu, cupy, python, numba, memory",course,research software development,,Published,,,,,research software engineers,,,,,,,,
Parallel Programming in Python,General,,Performance efficiency,"individual training resource (course, handbook, article, guide, tutorial)",,Parallel Programming in Python,https://carpentries-incubator.github.io/lesson-parallel-python/,https://carpentries-incubator.github.io/lesson-parallel-python/,"The objectives of this course is to recognize serial and parallel patterns, identify problems that can be parallelized, understand a dependency diagram.","parallel programming, python, serial, dependency diagram",course,research software development,,Published,,,,,research software engineers,,,,,,,,
"GPU Programming: When, Why and How?",General,,Performance efficiency,"individual training resource (course, handbook, article, guide, tutorial)",,"GPU Programming: When, Why and How?",https://enccs.github.io/gpu-programming/,https://enccs.github.io/gpu-programming/,"This material is meant to help both software developers and decision makers navigate the GPU programming landscape and make more informed decisions on which languages or frameworks to learn and use for their projects. Specifically, you will: understand why and when to use GPUs; become comfortable with key concepts in GPU programming; acquire a comprehensive overview of different software frameworks, what levels they operate at, and which to use when; learn the fundamentals in at least one framework to a level which will enable you to quickly become a productive GPU programmer.","gpu programming, gpu, hpc",course,research software development,,Published,,,,,research software engineers,,,,,,,,
CUDA training,General,,Performance efficiency,"individual training resource (course, handbook, article, guide, tutorial)",,CUDA training,https://enccs.github.io/cuda/,https://enccs.github.io/cuda/,"This course is for students, researchers, engineers and programmers who would like to learn GPU programming with CUDA. Some previous experience with C/C++ is required, no prior knowledge of CUDA is needed.
","gpu programming, gpu, cuda, c, c++, vectors",course,research software development,,Published,,,,,research software engineers,,,,,,,,
OpenACC training,General,,Performance efficiency,"individual training resource (course, handbook, article, guide, tutorial)",,OpenACC training,https://enccs.github.io/openacc/,https://enccs.github.io/openacc/,"This lesson is an introduction to GPU programming using the directive-based OpenACC paradigm. The course consists of lectures, type-along and hands-on exercises. Topics covered include the architecture of the GPU accelerators, basic usage of OpenACC, and how to control data movement between CPUs and GPUs. Basic optimization of the code will also be covered. After the course the participants should have the basic skills needed for utilising OpenACC with new or existing programs. The participants are assumed to have knowledge of Fortran and/or C programming languages. Since participants will be using HPC clusters to run the examples, fluent operation in a Linux/Unix environment is assumed.
","gpu programming, gpu, open acc, c, c++, fortran, supercomputers, bash, makefile",course,research software development,,Published,,,,,research software engineers,,,,,,,,
Introduction to Julia,General,,"Interaction capability, Performance efficiency, Functional suitability","individual training resource (course, handbook, article, guide, tutorial)",,Introduction to Julia,https://enccs.github.io/julia-intro/,https://enccs.github.io/julia-intro/,"This lesson covers the basics of Julia: its syntax, multiple-dispatch paradigm, package development and best practices. This lesson is appropriate for researchers, engineers and analysts from academia, industry or the public sector who want to adopt a new programming language into their repertoire. It also represents the prerequisite knowledge to follow other ENCCS lessons on Julia - Julia for High Performance Scientific Computing and Julia for High Performance Data Analysis.","programming language, julia, computing, hpc",course,research software development,,Published,,,,,research software engineers,,,,,,,,
Julia for high-performance scientific computing,General,,"Interaction capability, Performance efficiency, Functional suitability","individual training resource (course, handbook, article, guide, tutorial)",,Julia for high-performance scientific computing,https://enccs.github.io/julia-for-hpc/,https://enccs.github.io/julia-for-hpc/,"This lesson goes through various approaches for writing performant and parallel code, including how to write fast serial code, how to write multithreaded and distributed code, how to run Julia on an HPC system, and how to port Julia code to GPUs.","programming language, julia, hpc, gpu computing",course,research software development,,Published,,,,,research software engineers,,,,,,,,
Julia for high-performance data analytics,General,,"Interaction capability, Performance efficiency, Functional suitability","individual training resource (course, handbook, article, guide, tutorial)",,Julia for high-performance data analytics,https://enccs.github.io/julia-for-hpda/,https://enccs.github.io/julia-for-hpda/,"This lesson starts with a discussion of working with data in Julia, how to use the DataFrames.jl package and how to visualise data. It then moves on to linear algebra approaches, followed by classical machine learning approaches as well as deep learning methods with an example of scientific ML. Finally, key aspects of regression, time series prediction and analysis is covered.","programming language, julia, hpc, gpu",course,research software development,,Published,,,,,research software engineers,,,,,,,,
Programming with Julia,General,,"Interaction capability, Performance efficiency, Functional suitability","individual training resource (course, handbook, article, guide, tutorial)",,Programming with Julia,https://carpentries-incubator.github.io/julia-novice/,https://carpentries-incubator.github.io/julia-novice/,This lesson will explain the difference between interpreted and compiled programming languages and compare how composing works in Julia and some common programming languages.,"programming language, julia, packaging, module",course,research software development,,Published,,,,,research software engineers,,,,,,,,
Automation and Make,General,,"Compatibility, Flexibility, Sustainability, Maintainability","individual training resource (course, handbook, article, guide, tutorial)",,Automation and Make,https://swcarpentry.github.io/make-novice/02-makefiles.html,https://swcarpentry.github.io/make-novice/02-makefiles.html,"The objectives of this lesson are to: Recognize the key parts of a Makefile, rules, targets, dependencies and actions; write a simple Makefile; run Make from the shell; explain when and why to mark targets as .PHONY.; explain constraints on dependencies.","makefile, shell, compile",course,research software development,,Published,,,,,research software engineers,,,,,,,,
CMake hands-on workshop,General,,"Flexibility, Compatibility, Maintainability, Sustainability","individual training resource (course, handbook, article, guide, tutorial)",,CMake hands-on workshop,https://enccs.github.io/cmake-workshop/,https://enccs.github.io/cmake-workshop/,"This course is for students, researchers, engineers, and programmers that have heard of CMake and want to learn how to use it effectively with projects they are working on. This course assumes no previous experience with CMake. You will have to be familiar with the tools commonly used to build software in your compiled language of choice: C++, C, Fortran.","programming language, cmake, c, c++, testing",course,research software development,,Published,,,,,research software engineers,,,,,,,,
Software Carpentry: Git Novice lesson,General,,"Maintainability, Sustainability","individual training resource (course, handbook, article, guide, tutorial)",,Software Carpentry: Git Novice lesson,https://swcarpentry.github.io/git-novice,https://swcarpentry.github.io/git-novice,"Version control is the lab notebook of the digital world: it’s what professionals use to keep track of what they’ve done and to collaborate with other people. Every large software development project relies on it, and most programmers use it for their small jobs as well. And it isn’t just for software: books, papers, small data sets, and anything that changes over time or needs to be shared can and should be stored in a version control system.","version, control, git, github, licensing",course,research software development,,Published,,,,,research software engineers,,,,,,,,
CodeRefinery: Collaborative distributed version control,General,,"Maintainability, Sustainability","individual training resource (course, handbook, article, guide, tutorial)",,CodeRefinery: Collaborative distributed version control,https://coderefinery.github.io/git-collaborative/,https://coderefinery.github.io/git-collaborative/,We have learned how to work with a Git repository used by a single person. What about sharing and collaborating?,"version, control, git, github",course,research software development,,Published,,,,,research software engineers,,,,,,,,
CodeRefinery: Introduction to version control,General,,"Maintainability, Sustainability","individual training resource (course, handbook, article, guide, tutorial)",,CodeRefinery: Introduction to version control,https://coderefinery.github.io/git-intro/,https://coderefinery.github.io/git-intro/,Introduction to version control with Git - Why we want to track versions and how to go back in time to a working version,"version, control, git, github",course,research software development,,Published,,,,,research software engineers,,,,,,,,
Continuous Integration / Continuous Development (CI/CD),General,,"Maintainability, Security, Sustainability, Reliability, Functional suitability","individual training resource (course, handbook, article, guide, tutorial)",,Continuous Integration / Continuous Development (CI/CD),https://hsf-training.github.io/hsf-training-cicd/,https://hsf-training.github.io/hsf-training-cicd/,"GitLab is a git platform used for code hosting and collaboration. It can be used to automatically run checks and other code or workflows on GitLab’s servers. We’ll learn how to use this to make our code robust to errors, preserved, and reproducible.","gitlab, collaboration, workflow, reproducibility, CI/CD",course,research software development,,Published,,,,,research software engineers,,,,,,,,
Python Testing and Continuous Integration,General,,"Maintainability, Security, Sustainability, Reliability, Functional suitability","individual training resource (course, handbook, article, guide, tutorial)",,Python Testing and Continuous Integration,https://carpentries-incubator.github.io/python-testing/,https://carpentries-incubator.github.io/python-testing/,"In this lesson we use a Python library called pytest. Basic understanding of Python variables and functions are a necessary prerequisite. Some previous experience with the shell is expected, but isn’t mandatory.","python, pytest, testing, automation, continuous integration, CI/CD",course,research software development,,Published,,,,,research software engineers,,,,,,,,
Workflows with Python and Git,General,,"Maintainability, Security, Sustainability, Reliability, Functional suitability","individual training resource (course, handbook, article, guide, tutorial)",,Workflows with Python and Git,https://carpentries-incubator.github.io/swc-ext-python/,https://carpentries-incubator.github.io/swc-ext-python/,"In this lesson, we will apply use of functions, conditionals and loops to solve a problem.","programming language, python, version control",course,research software development,,Published,,,,,research software engineers,,,,,,,,
Introduction to Cloud Computing for Genomics,Life sciences,,Functional suitability,"individual training resource (course, handbook, article, guide, tutorial)",,Introduction to Cloud Computing for Genomics,https://datacarpentry.org/cloud-genomics/index.html,https://datacarpentry.org/cloud-genomics/index.html,"In this lesson, you’ll learn about renting cloud services that fit your analytic needs, and how to interact with one of those services (AWS) via the command line.
","cloud, genomics, aws, cli, data",course,research software development,,Published,,,,,research software engineers,,,,,,,,
"Software Carpentry: Introduction
to Workflows with Common Workflow Language",General,,"Functional suitability, Reliability","individual training resource (course, handbook, article, guide, tutorial)",,"Software Carpentry: Introduction
to Workflows with Common Workflow Language",https://carpentries-incubator.github.io/cwl-novice-tutorial/,https://carpentries-incubator.github.io/cwl-novice-tutorial/,"This tutorial guides you through the the fundamentals of designing and building an analysis workflow. It assumes no previous knowledge or experience of workflows or Common Workflow Language (CWL), but does assume some experience with the Unix command line.","workflows, common workflow language, cwl, unix, cli",course,research software development,,Published,,,,,research software engineers,,,,,,,,
Software Carpentry: Programming with Python,General,,"Functional suitability, Reliability","individual training resource (course, handbook, article, guide, tutorial)",,Software Carpentry: Programming with Python,https://swcarpentry.github.io/python-novice-inflammation/index.html,https://swcarpentry.github.io/python-novice-inflammation/index.html,"The best way to learn how to program is to do something useful, so this introduction to Python is built around a common scientific task: data analysis.","programming language, python",course,research software development,,Published,,,,,research software engineers,,,,,,,,
"Software Carpentry: Plotting and
Programming in Python",General,,"Functional suitability, Reliability","individual training resource (course, handbook, article, guide, tutorial)",,"Software Carpentry: Plotting and
Programming in Python",https://swcarpentry.github.io/python-novice-gapminder/index.html,https://swcarpentry.github.io/python-novice-gapminder/index.html,"The lesson will teach you how to Launch the JupyterLab server; create a new Python script; create a Jupyter notebook, shutdown the JupyterLab server; understand the difference between a Python script and a Jupyter notebook; create Markdown cells in a notebook; create and run Python cells in a notebook.","programming language, python, jupyterlab, python script",course,research software development,,Published,,,,,research software engineers,,,,,,,,
Level Up your Python,General,,"Functional suitability, Reliability","individual training resource (course, handbook, article, guide, tutorial)",,Level Up your Python,https://henryiii.github.io/level-up-your-python/notebooks/0%20Intro.html,https://henryiii.github.io/level-up-your-python/notebooks/0%20Intro.html,A course in intermediate Python for a beginner ready to move up. Binder version and Live WebAssembly version available too!,"programming language, python",course,research software development,,Published,,,,,research software engineers,,,,,,,,
Library Carpentry: Python Intro for Libraries,General,,"Functional suitability, Reliability","individual training resource (course, handbook, article, guide, tutorial)",,Library Carpentry: Python Intro for Libraries,https://librarycarpentry.org/lc-python-intro/,https://librarycarpentry.org/lc-python-intro/,"This lesson is an introduction to programming in Python for library and information workers with little or no previous programming experience. It uses examples that are relevant to a range of library use cases, and is designed as a prerequisite for other Python lessons that will be developed in the future (e.g., web scraping, APIs). The lesson uses the JupyterLab computing environment and Python 3.","programming language, python",course,research software development,,Published,,,,,research software engineers,,,,,,,,
Building Better Scientific Software in Python,General,,"Functional suitability, Reliability","individual training resource (course, handbook, article, guide, tutorial)",,Building Better Scientific Software in Python,https://python-tutorial.dev/201/,https://python-tutorial.dev/201/,"The goal of this tutorial is to expose researchers to several best practices in scientific software engineering that may otherwise take several years to become acquainted with. Though the implementation of these lessons is Python-specific, the essential ideas can be exported to other languages or platforms.","programming language, python, packaging, testing, documentation, logging, performance",course,research software development,,Published,,,,,research software engineers,,,,,,,,
"Software Carpentry: R for
Reproducible Scientific Analysis",General,,"Functional suitability, Reliability","individual training resource (course, handbook, article, guide, tutorial)",,"Software Carpentry: R for
Reproducible Scientific Analysis",https://swcarpentry.github.io/r-novice-gapminder/,https://swcarpentry.github.io/r-novice-gapminder/,The goal of this lesson is to teach novice programmers to write modular code and best practices for using R for data analysis,"programming language, R, reproducibility",course,research software development,,Published,,,,,research software engineers,,,,,,,,
Software Carpentry: Programming with R,General,,"Functional suitability, Reliability","individual training resource (course, handbook, article, guide, tutorial)",,Software Carpentry: Programming with R,https://swcarpentry.github.io/r-novice-inflammation/,https://swcarpentry.github.io/r-novice-inflammation/,"The best way to learn how to program is to do something useful, so this introduction to R is built around a common scientific task: data analysis. Our real goal isn’t to teach you R, but to teach you the basic concepts that all programming depends on","programming language, R",course,research software development,,Published,,,,,research software engineers,,,,,,,,
"Getting Used to R, RStudio, and R Markdown",General,,"Functional suitability, Reliability","individual training resource (course, handbook, article, guide, tutorial)",,"Getting Used to R, RStudio, and R Markdown",https://rbasics.netlify.app/,https://rbasics.netlify.app/,"This material  was written to give people who are new to R, RStudio, and R Markdown the tools they need to begin making their own research reproducible","programming language, R",course,research software development,,Published,,,,,research software engineers,,,,,,,,
Modern Dive into R and the Tidyverse,General,,"Functional suitability, Reliability","individual training resource (course, handbook, article, guide, tutorial)",,Modern Dive into R and the Tidyverse,https://moderndive.netlify.app/,https://moderndive.netlify.app/,This online handbook aims at providing statistical inference via data science using R and Tidyverse,"programming language, R",course,research software development,,Published,,,,,research software engineers,,,,,,,,
"Software Carpentry: Programming
with MATLAB",General,,"Functional suitability, Reliability","individual training resource (course, handbook, article, guide, tutorial)",,"Software Carpentry: Programming
with MATLAB",https://swcarpentry.github.io/matlab-novice-inflammation/,https://swcarpentry.github.io/matlab-novice-inflammation/,"The best way to learn how to program is to do something useful, so this introduction to MATLAB is built around a common scientific task: data analysis. Our real goal isn’t to teach you MATLAB, but to teach you the basic concepts that all programming depends on. ","programming language, MATLAB",course,research software development,,Published,,,,,research software engineers,,,,,,,,
Introduction to the Internet of Things,General,,,"individual training resource (course, handbook, article, guide, tutorial)",,Introduction to the Internet of Things,https://carpentries-incubator.github.io/IoT_arduino_nano/,https://carpentries-incubator.github.io/IoT_arduino_nano/,"In this lesson, your will learn: About IoT ; Arduino Nano architecture and Arduino GUI; Learn to blink the internal led of an Arduino Nano; Learn to create a simple weather station with an Arduino Nano
","internet of things, arduino, arduino nano",course,research software development,,Published,,,,,research software engineers,,,,,,,,
Automated Testing - Preventing Yourself and others from Breaking your Functioning Code,General,,"Functional suitability, Maintainability","individual training resource (course, handbook, article, guide, tutorial)",,Automated Testing - Preventing Yourself and others from Breaking your Functioning Code,https://coderefinery.github.io/testing/,https://coderefinery.github.io/testing/,"This lesson will talk about the places it’s useful for research code, and how easy it can be. We will discuss why testing often needs to be part of the software development cycle and how such a cycle can be implemented. We will see how automated testing works and practice designing and writing tests.","testing, continuous integration, automation, python",course,research software development,,Published,,,,,research software engineers,,,,,,,,
How to Document your Research Software,General,,Sustainability,"individual training resource (course, handbook, article, guide, tutorial)",,How to Document your Research Software,https://coderefinery.github.io/documentation/,https://coderefinery.github.io/documentation/,This lesson discusses different solutions for implementing and deploying code documentation.,"documentation, readme, readthedocs, github pages",course,research software development,,Published,,,,,research software engineers,,,,,,,,
CodeRefinery: Software Citation,General,,FAIRness,"individual training resource (course, handbook, article, guide, tutorial)",,CodeRefinery: Software Citation,https://coderefinery.github.io/social-coding/software-citation/,https://coderefinery.github.io/social-coding/software-citation/,This resource will help you untangle these questions: Is putting software on GitHub/GitLab/… publishing? Where to publish software? How can software be cited? How can I make my software citeable?,"citation, publishing, releasing, fair",course,research software development,,Published,,,,,research software engineers,,,,,,,,
CodeRefinery: Software Licensing,General,,FAIRness,"individual training resource (course, handbook, article, guide, tutorial)",,CodeRefinery: Software Licensing,https://coderefinery.github.io/social-coding/software-licensing/,https://coderefinery.github.io/social-coding/software-licensing/,A course on software licensing,license,course,research software development,,Published,,,,,research software engineers,,,,,,,,
SQL for Humanities,Social sciences and humanities,,Functional suitability,"individual training resource (course, handbook, article, guide, tutorial)",,SQL for Humanities,https://carpentries-incubator.github.io/sql-humanities-lesson/,https://carpentries-incubator.github.io/sql-humanities-lesson/,"This lesson will teach you what relational databases are, how you can load data into them and how you can query databases to extract just the information that you need.","database, SQL, data",course,research software development,,Published,,,,,research software engineers,,,,,,,,
SQL for Business,Social sciences and humanities,,Functional suitability,"individual training resource (course, handbook, article, guide, tutorial)",,SQL for Business,https://carpentries-incubator.github.io/sql-business/,https://carpentries-incubator.github.io/sql-business/,"This lesson will teach you what relational databases are, how you can load data into them and how you can query databases to extract just the information that you need.","sql, business, database, quality control",course,research software development,,Published,,,,,research software engineers,,,,,,,,
"Software Carpentry: Database and
SQL",General,,Functional suitability,"individual training resource (course, handbook, article, guide, tutorial)",,"Software Carpentry: Database and
SQL",https://swcarpentry.github.io/sql-novice-survey/,https://swcarpentry.github.io/sql-novice-survey/,These lessons will show how to use a database to explore the expeditions’ data.,"database, sql, data, python, R",course,research software development,,Published,,,,,research software engineers,,,,,,,,
"CodeRefinery: Jupyter Notebooks - A tool to write
and share executable notebooks and data visualization",General,,Functional suitability,"individual training resource (course, handbook, article, guide, tutorial)",,"CodeRefinery: Jupyter Notebooks - A tool to write
and share executable notebooks and data visualization",https://coderefinery.github.io/jupyter/,https://coderefinery.github.io/jupyter/,"The goal of this lesson is to teach learners the user interface of JupyterLab, how Jupyter notebooks work, and what some common and powerful use cases are.","jupyter notebook, notebooks, data visualization, jupyterlab",course,research software development,,Published,,,,,research software engineers,,,,,,,,
Python Packaging,General,,FAIRness,"individual training resource (course, handbook, article, guide, tutorial)",,Python Packaging,https://carpentries-incubator.github.io/python_packaging/,https://carpentries-incubator.github.io/python_packaging/,This lesson teaches how to create and publish packages in Python,"package, packaging, release, python",course,research software development,,Published,,,,,research software engineers,,,,,,,,
Managing Academic Software Development,General,,FAIRness,"individual training resource (course, handbook, article, guide, tutorial)",,Managing Academic Software Development,https://southampton-rsg.github.io/swc-project-novice/,https://southampton-rsg.github.io/swc-project-novice/,"This workshop teaches the basics of managing project development and release, using the project management tools on the repository hosting site GitHub (and is applicable to repositories hosted on GitLab).","release, git, github, gitlab, identifiers, version",course,research software development,,Published,,,,,research software engineers,,,,,,,,
"Software Carpentry: Managing
Research Software Projects",General,,FAIRness,"individual training resource (course, handbook, article, guide, tutorial)",,"Software Carpentry: Managing
Research Software Projects",https://swcarpentry.github.io/managing-research-software-projects/,https://swcarpentry.github.io/managing-research-software-projects/,"Introduction to the basics of software project management with a particular focus on the sorts of projects commonly found in research settings. Participants should have previously worked on programs containing thousands or tens of thousands of lines of code, and be regular users of basic tools like the Unix shell and a version control system. Building on that foundation, this course will discuss:","license, version control, continous integration, robust, code review, testing",course,research software development,,Published,,,,,research software engineers,,,,,,,,
"Reproducible
Computational Environments using Containers: Introduction to Singularity","General, Particle physics & astronomy",,"FAIRness, Flexibility, Maintainability, Reliability, Security, Sustainability","curriculum (set of several training courses, a learning pathway) ",,"Reproducible
Computational Environments using Containers: Introduction to Singularity",https://carpentries-incubator.github.io/singularity-introduction/,https://carpentries-incubator.github.io/singularity-introduction/,"This lesson provides an introduction to using the Singularity container platform. Singularity is particularly suited to running containers on infrastructure where users don’t have administrative privileges, for example shared infrastructure such as High Performance Computing (HPC) clusters.","container, reproducible environment, reproducibility, singularity, HPC",course,research software development,,Published,,,,,research software engineers,,,,,,,,
"Reproducible
Computational Environments Using Containers: Introduction to Docker","General, Particle physics & astronomy",,"FAIRness, Flexibility, Sustainability, Security, Reliability, Maintainability","individual training resource (course, handbook, article, guide, tutorial)",,"Reproducible
Computational Environments Using Containers: Introduction to Docker",https://carpentries-incubator.github.io/docker-introduction/,https://carpentries-incubator.github.io/docker-introduction/,"This material aims to introduce the use of Docker containers with the goal of using them to effect reproducible computational environments. Such environments are useful for ensuring reproducible research outputs, for example.","docker, container, reproducible environment, reproducibility, singularity",course,research software development,,Published,,,,,research software engineers,,,,,,,,
"Introduction
to Docker and Podman","General, Particle physics & astronomy",,"Sustainability, Security, Reliability, Maintainability, FAIRness, Flexibility","individual training resource (course, handbook, article, guide, tutorial)",,"Introduction
to Docker and Podman",https://hsf-training.github.io/hsf-training-docker/index.html,https://hsf-training.github.io/hsf-training-docker/index.html,An introduction to using Docker and Podman as software development tools.,This material is an introduction to machin learning with Python. Topics are: Unsupervised Learning: dimensionality reductiong; unsupervised Learning: clustering; supervised Learning: basic methods; supervised Learning: using real data and preprocessing,course,research software development,,Published,,,,,research software engineers,,,,,,,,
Welcome to Python Packages,General,,"Functional suitability, Interaction capability, Maintainability, Reliability, Sustainability","individual training resource (course, handbook, article, guide, tutorial)",,Welcome to Python Packages,https://py-pkgs.org/welcome,https://py-pkgs.org/welcome,"Python packages are a core element of the Python programming language and are how you create organized, reusable, and shareable code in Python. Python Packages is an open source book that describes modern and efficient workflows for creating Python packages.","programming language, python, packaging, package, release",course,research software development,,Published,,,,,research software engineers,,,,,,,,
Tools and Practices for FAIR Research Software,General,,"Sustainability, FAIRness, Maintainability","individual training resource (course, handbook, article, guide, tutorial)",,Tools and Practices for FAIR Research Software,https://carpentries-incubator.github.io/fair-research-software/,https://carpentries-incubator.github.io/fair-research-software/,"This short course is teaching tools and practices for producing and sharing quality, sustainable and FAIR (Findable, Accessible, Interoperable and Reusable) research software to support open and reproducible research.","FAIR, documentation, reproducible environment, readable code, documentation",course,research software development,,Published,,,,,research software engineers,,,,,,,,
Modern Scientific C++,"Particle physics & astronomy, General",,"Functional suitability, Performance efficiency, Reliability, Flexibility","individual training resource (course, handbook, article, guide, tutorial)",,Modern Scientific C++,https://github.com/chavid/ModernScientificCpp,https://github.com/chavid/ModernScientificCpp,"This training material addresses modern scientific computing in C++, for people who already have some experience in legacy C++ programming (before C++ 11)","programming language, c++",course,research software development,,Published,,,,,research software engineers,,,,,,,,
Cpp17 Initiation for Pythonists,"Particle physics & astronomy, General",,"Functional suitability, Performance efficiency, Reliability, Flexibility, Compatibility","individual training resource (course, handbook, article, guide, tutorial)",,Cpp17 Initiation for Pythonists,https://gitlab.in2p3.fr/informatique-des-deux-infinis/pheniics/cpp17-initiation-for-pythonists,https://gitlab.in2p3.fr/informatique-des-deux-infinis/pheniics/cpp17-initiation-for-pythonists,"This training material addresses modern scientific computing in C++, for people who already have some experience in legacy C++ programming (before C++ 11):","programming language, c++, scientific computin",course,research software development,,Published,,,,,research software engineers,,,,,,,,
Python Traps and Pitfalls,"Particle physics & astronomy, General",,Functional suitability,"individual training resource (course, handbook, article, guide, tutorial)",,Python Traps and Pitfalls,https://gitlab.in2p3.fr/informatique-des-deux-infinis/pheniics/python-traps,https://gitlab.in2p3.fr/informatique-des-deux-infinis/pheniics/python-traps,"A closer look at the basic mechanisms of the Python language, beyond what can be guessed by blindly copying and pasting examples, in order to avoid the most common traps and pitfalls","programming language, python",course,research software development,,Published,,,,,research software engineers,,,,,,,,
Introduction to Machine Learning,"Particle physics & astronomy, General",,Functional suitability,"individual training resource (course, handbook, article, guide, tutorial)",,Introduction to Machine Learning,https://gitlab.in2p3.fr/informatique-des-deux-infinis/pheniics/machinelearning,https://gitlab.in2p3.fr/informatique-des-deux-infinis/pheniics/machinelearning,This material is an introduction to machin learning with Python. Unsupervised Learnin: dimensionality reductiongUnsupervised Learning: clusteringSupervised Learning: basic methodsSupervised Learning: using real dataPreprocessing,"programming language, Python, unsupervised learning, supervised learning, preprocessing",course,research software development,,Published,,,,,research software engineers,,,,,,,,
Introduction to Deep Learning,"Particle physics & astronomy, General",,Functional suitability,"individual training resource (course, handbook, article, guide, tutorial)",,Introduction to Deep Learning,https://gitlab.in2p3.fr/informatique-des-deux-infinis/pheniics/deeplearning,https://gitlab.in2p3.fr/informatique-des-deux-infinis/pheniics/deeplearning,This material is an introduction to deep learning with Python. Two main topics are covered: Multi Layer Perceptron and Convolution Neural Network.,"machine learning, deep learning, Python, multi layer perceptron, convolution neural network",course,research software development,,Published,,,,,research software engineers,,,,,,,,
Make your code more efficient,"Particle physics & astronomy, General",,Performance efficiency,"individual training resource (course, handbook, article, guide, tutorial)",,Make your code more efficient,https://gitlab.in2p3.fr/informatique-des-deux-infinis/pheniics/make-your-code-more-efficient,https://gitlab.in2p3.fr/informatique-des-deux-infinis/pheniics/make-your-code-more-efficient,Material for a two-mornings performance optimization training,"performance, benchmarking, profiling, optimization",course,research software development,,Published,,,,,research software engineers,,,,,,,,
Make your code more robust,"Particle physics & astronomy, General",,"Reliability, Maintainability, Sustainability, Flexibility","individual training resource (course, handbook, article, guide, tutorial)",,Make your code more robust,https://gitlab.in2p3.fr/informatique-des-deux-infinis/pheniics/robust-programming,https://gitlab.in2p3.fr/informatique-des-deux-infinis/pheniics/robust-programming,Tools and methodologies to write code that is easier to understand and maintain.,"readable code, testing, documentation, continuous integration",course,research software development,,Published,,,,,research software engineers,,,,,,,,
Web Interfaces Development in a Nutshell,"Particle physics & astronomy, General",,Functional suitability,"individual training resource (course, handbook, article, guide, tutorial)",,Web Interfaces Development in a Nutshell,https://gitlab.in2p3.fr/informatique-des-deux-infinis/pheniics/web-interfaces-development-in-a-nutshell,https://gitlab.in2p3.fr/informatique-des-deux-infinis/pheniics/web-interfaces-development-in-a-nutshell,"Welcome to the Web Interfaces Development in a Nutshell course! This course is designed to provide you with a comprehensive introduction to the world of web development. We will cover a wide range of topics, including HTML, CSS, JavaScript, and more. By the end of this course, you will be able to create your own webpage from scratch and understand the basics of web development.","web interfaces, html, css, javascript, Python, Django, RESTful API, blog",course,research software development,,Published,,,,,research software engineers,,,,,,,,
Git Survival Guide,"Particle physics & astronomy, General",,"Maintainability, Sustainability","individual training resource (course, handbook, article, guide, tutorial)",,Git Survival Guide,https://gitlab.in2p3.fr/informatique-des-deux-infinis/pheniics/git-survival-guide,https://gitlab.in2p3.fr/informatique-des-deux-infinis/pheniics/git-survival-guide,This guide offers a curated collection of exercises aimed at helping you learn and practice Git commands and workflows effectively.,"version control, git, gitlab",course,research software development,,Published,,,,,research software engineers,,,,,,,,
GitLab and GitLab CI/CD,"Particle physics & astronomy, General",,"Sustainability, Security, Reliability, Maintainability, Functional suitability","individual training resource (course, handbook, article, guide, tutorial)",,GitLab and GitLab CI/CD,https://gitlab.in2p3.fr/informatique-des-deux-infinis/pheniics/gitlab-and-gitlab-ci-cd/-/tree/main?ref_type=heads,https://gitlab.in2p3.fr/informatique-des-deux-infinis/pheniics/gitlab-and-gitlab-ci-cd/-/tree/main?ref_type=heads,A course designed to provide you with a comprehensive understanding of GitLab and GitLab CI/CD,"task automation, gitlab, CI/CD, continuous integration",course,research software development,,Published,,,,,research software engineers,,,,,,,,
Foundational HPC Skills (DIRAC),General,,"Compatibility, FAIRness, Functional suitability, Interaction capability, Maintainability, Performance efficiency, Reliability, Sustainability","curriculum (set of several training courses, a learning pathway) ",,Foundational HPC Skills (DIRAC),https://dirac.ac.uk/foundation-hpc-skills-course/,https://dirac.ac.uk/foundation-hpc-skills-course/,"A basic introduction to the principles of HPC and the tools needed to work on an HPC system. The training will help you to develop the skills required to meet your research needs and enable you to utilise DiRAC’s HPC systems effectively. The course focuses on core skills, from basic connection to a system, to laying the foundation for developing robust, high-quality code. We assume familiarity with desktop computers, but no prior programming, Linux or HPC experience is required. ","version control, git, testing, documentation, HPC",course,research software development,,Published,,,,,research software engineers,,,,,,,,
CodeRefinery - training and e-Infrastructure for research software development,General,,"Compatibility, FAIRness, Functional suitability, Interaction capability, Maintainability, Reliability, Sustainability","curriculum (set of several training courses, a learning pathway) ",,CodeRefinery - training and e-Infrastructure for research software development,https://coderefinery.org/,https://coderefinery.org/,"We train you in research software development Are you an academic researcher using computing/data, and your work is held back by struggling with the programming or data management? Or your research isn't reproducible or open enough? CodeRefinery understands and has free online courses and materials for you. We teach all the essential tools which are usually skipped in academic education so everyone can make full use of software, computing, and data with focus on reusability, reproducibility, and openness. We don't just give courses, but we are a training network that you can join to share the effort and bring better courses to your community. Our standard workshop is well known in Nordic academic circles and our engaging online teaching style is considered best-in-class even compared to in-person teaching. CodeRefinery is publicly funded and operates as a community project.","research software development, academic, reproducibility, open, lessons, workshops, tasks",course,research software development,,Published,,,,,research software engineers,,,,,,,,
Software Carpentry,General,,"Compatibility, FAIRness, Functional suitability, Interaction capability, Maintainability, Reliability, Sustainability","curriculum (set of several training courses, a learning pathway) ",,Software Carpentry,https://software-carpentry.org/,https://software-carpentry.org/,Software Carpentry is a lesson program within The Carpentries teaching basic lab skills for research computing.,"lessons, carpentries, lab skills, research computing, research software, unix, git, Python, R, reproducibility, Make, Matlab, SQL",course,research software development,,Published,,,,,research software engineers,,,,,,,,
Data Carpentry,General,,"Compatibility, FAIRness, Functional suitability, Interaction capability, Maintainability, Reliability, Sustainability","curriculum (set of several training courses, a learning pathway) ",,Data Carpentry,https://datacarpentry.org/,https://datacarpentry.org/,"Data Carpentry workshops are domain-specific, so that we are teaching researchers the skills most relevant to their domain and using examples from their type of work. Therefore we have several types of workshops and curriculum is organised by domain.","lessons, carpentries, workshops, research software, curriculum, data, astronomy, ecology, genomics, geospatial, image processing, social science, SQL, R, Python",course,research software development,,Published,,,,,research software engineers,,,,,,,,
Library Carpentry,General,,"Compatibility, FAIRness, Functional suitability, Interaction capability, Maintainability, Reliability, Sustainability","curriculum (set of several training courses, a learning pathway) ",,Library Carpentry,https://librarycarpentry.org/,https://librarycarpentry.org/,"Library Carpentry workshops teach people working in library- and information-related roles how to: Cut through the jargon terms and phrases of software development and data science and apply concepts from these fields in library tasks. Identify and use best practices in data structures. Learn how to programmatically transform and map data from one form to another. Work effectively with researchers, IT, and systems colleagues. Automate repetitive, error prone tasks. Lesson materials are all available online, under a CC BY license, for self-directed study or for adaptation and re-use (as “Carpentries-based” training).","lessons, library, software development, data science, curriculum, Unix, Git, Python, SQL, MarcEdit, GLAM, DMP",course,research software development,,Published,,,,,research software engineers,,,,,,,,
HPC Carpentry,General,,"Compatibility, FAIRness, Functional suitability, Interaction capability, Maintainability, Reliability, Sustainability, Performance efficiency","curriculum (set of several training courses, a learning pathway) ",,HPC Carpentry,https://hpc-carpentry.org/,https://hpc-carpentry.org/,"HPC Carpentry teaches HPC-oriented coding, and data science skills to researchers. We want to work towards bringing High Performance Computing under the Carpentries umbrella. Workshop hosts, Instructors, and learners must be prepared to follow our","hpc, data science, research software, workshop, snakemake, maestro, Python",course,research software development,,Published,,,,,research software engineers,,,,,,,,
"Intersect Research Software
Engineering Training",General,,"Compatibility, FAIRness, Functional suitability, Interaction capability, Maintainability, Reliability, Sustainability","curriculum (set of several training courses, a learning pathway) ",,"Intersect Research Software
Engineering Training",https://intersect-training.org/curriculum/,https://intersect-training.org/curriculum/,"INTERSECT will bring together RSE instructors from multiple institutions within the U.S. to maximally exploit the capabilities, knowledge, expertise of a growing RSE community. INTERSECT will sponsor a newly-created multi-day bootcamp targeting intermediate and advanced students from U.S. institutions. The project will curate the material used in the INTERSECT workshops and training sessions while working with existing frameworks to provide an open-source platform that will allow for continued engagement with the training material and help coordinate the effort across the RSE-trainer community. In addition, INTERSECT will sponsor annual RSE-trainer workshops, focused on the curation and communal generation of training material. These workshops will connect RSE practitioner-instructors from across the country to not only leverage the knowledge of multiple institutions but also to build and strengthen the community of this group of software professionals.","research software engineer, Python, Git, PR, licensing, testing, CI/CD, ",course,research software development,,Published,,,,,research software engineers,,,,,,,,
"The Missing
Semester of Your CS Education",General,,"Compatibility, FAIRness, Functional suitability, Interaction capability, Maintainability, Reliability, Sustainability","curriculum (set of several training courses, a learning pathway) ",,"The Missing
Semester of Your CS Education",https://missing.csail.mit.edu/,https://missing.csail.mit.edu/,"Classes teach you all about advanced topics within CS, from operating systems to machine learning, but there’s one critical subject that’s rarely covered, and is instead left to students to figure out on their own: proficiency with their tools. We’ll teach you how to master the command-line, use a powerful text editor, use fancy features of version control systems, and much more! Students spend hundreds of hours using these tools over the course of their education (and thousands over their career), so it makes sense to make the experience as fluid and frictionless as possible. Mastering these tools not only enables you to spend less time on figuring out how to bend your tools to your will, but it also lets you solve problems that would previously seem impossibly complex.","shell, vim, data, cli, Git",course,research software development,,Published,,,,,research software engineers,,,,,,,,
Green Software Practitioner,General,,Sustainability,"individual training resource (course, handbook, article, guide, tutorial)",,Green Software Practitioner,https://learn.greensoftware.foundation/,https://learn.greensoftware.foundation/,"Introduction to green software, a carbon-efficient software, meaning it emits the least carbon possible. Only three activities reduce the carbon emissions of software; energy efficiency, carbon awareness, and hardware efficiency. This training will explain all of these concepts, how to apply them to your processes and how to measure them, as well as some of the international guidelines and organizations that guide and monitor this space.","climate science, software design, data center",course,"sustainability, environment",,Published,,,,,research software engineers,,,,,,,,